block,is_virtual,num_exams,block_enrollment,is_large_block
1,False,88,2232,True
2,False,52,2253,True
3,False,45,2558,True
4,False,16,2158,True
5,False,17,2338,True
6,False,18,2376,True
7,False,20,2405,False
8,False,27,2478,True
9,False,21,2295,True
10,False,20,2245,True
11,False,17,2294,True
12,False,13,2600,True
13,False,37,2823,True
14,False,45,2951,True
15,False,35,2634,True
16,False,35,2590,True
17,False,47,2835,True
18,True,0,0,False
19,True,0,0,False
20,True,0,0,False
21,True,0,0,False
22,True,0,0,False
23,True,0,0,False
24,True,0,0,False
25,True,0,0,False
