block_i,block_j,count
1,2,224
1,3,211
1,4,191
1,5,201
1,6,223
1,7,211
1,8,210
1,9,206
1,10,255
1,11,185
1,12,220
1,13,196
1,14,225
1,15,223
1,16,203
1,17,211
1,18,251
1,19,302
1,20,259
2,1,224
2,2,28
2,3,191
2,4,180
2,5,224
2,6,209
2,7,196
2,8,203
2,9,163
2,10,274
2,11,214
2,12,194
2,13,191
2,14,211
2,15,215
2,16,194
2,17,193
2,18,246
2,19,278
2,20,267
3,1,211
3,2,191
3,4,188
3,5,218
3,6,180
3,7,201
3,8,167
3,9,137
3,10,199
3,11,199
3,12,181
3,13,159
3,14,199
3,15,187
3,16,168
3,17,184
3,18,225
3,19,240
3,20,232
4,1,191
4,2,180
4,3,188
4,5,194
4,6,185
4,7,168
4,8,161
4,9,151
4,10,203
4,11,201
4,12,149
4,13,148
4,14,193
4,15,187
4,16,189
4,17,205
4,18,244
4,19,211
4,20,229
5,1,201
5,2,224
5,3,218
5,4,194
5,5,40
5,6,217
5,7,212
5,8,208
5,9,175
5,10,220
5,11,227
5,12,207
5,13,185
5,14,225
5,15,202
5,16,187
5,17,198
5,18,229
5,19,262
5,20,224
6,1,223
6,2,209
6,3,180
6,4,185
6,5,217
6,6,110
6,7,208
6,8,197
6,9,156
6,10,244
6,11,201
6,12,189
6,13,203
6,14,215
6,15,242
6,16,169
6,17,239
6,18,264
6,19,291
6,20,243
7,1,211
7,2,196
7,3,201
7,4,168
7,5,212
7,6,208
7,7,70
7,8,201
7,9,186
7,10,231
7,11,214
7,12,184
7,13,171
7,14,228
7,15,189
7,16,182
7,17,232
7,18,255
7,19,264
7,20,234
8,1,210
8,2,203
8,3,167
8,4,161
8,5,208
8,6,197
8,7,201
8,8,88
8,9,179
8,10,209
8,11,208
8,12,204
8,13,209
8,14,240
8,15,199
8,16,171
8,17,199
8,18,225
8,19,287
8,20,238
9,1,206
9,2,163
9,3,137
9,4,151
9,5,175
9,6,156
9,7,186
9,8,179
9,9,64
9,10,224
9,11,197
9,12,178
9,13,167
9,14,197
9,15,184
9,16,174
9,17,179
9,18,215
9,19,215
9,20,229
10,1,255
10,2,274
10,3,199
10,4,203
10,5,220
10,6,244
10,7,231
10,8,209
10,9,224
10,10,98
10,11,243
10,12,266
10,13,208
10,14,269
10,15,245
10,16,190
10,17,251
10,18,291
10,19,309
10,20,336
11,1,185
11,2,214
11,3,199
11,4,201
11,5,227
11,6,201
11,7,214
11,8,208
11,9,197
11,10,243
11,11,72
11,12,210
11,13,182
11,14,237
11,15,208
11,16,183
11,17,198
11,18,248
11,19,275
11,20,235
12,1,220
12,2,194
12,3,181
12,4,149
12,5,207
12,6,189
12,7,184
12,8,204
12,9,178
12,10,266
12,11,210
12,12,80
12,13,196
12,14,228
12,15,210
12,16,182
12,17,204
12,18,240
12,19,278
12,20,271
13,1,196
13,2,191
13,3,159
13,4,148
13,5,185
13,6,203
13,7,171
13,8,209
13,9,167
13,10,208
13,11,182
13,12,196
13,13,70
13,14,207
13,15,187
13,16,144
13,17,204
13,18,220
13,19,241
13,20,232
14,1,225
14,2,211
14,3,199
14,4,193
14,5,225
14,6,215
14,7,228
14,8,240
14,9,197
14,10,269
14,11,237
14,12,228
14,13,207
14,14,104
14,15,221
14,16,234
14,17,249
14,18,276
14,19,282
14,20,269
15,1,223
15,2,215
15,3,187
15,4,187
15,5,202
15,6,242
15,7,189
15,8,199
15,9,184
15,10,245
15,11,208
15,12,210
15,13,187
15,14,221
15,15,124
15,16,203
15,17,253
15,18,279
15,19,279
15,20,308
16,1,203
16,2,194
16,3,168
16,4,189
16,5,187
16,6,169
16,7,182
16,8,171
16,9,174
16,10,190
16,11,183
16,12,182
16,13,144
16,14,234
16,15,203
16,16,72
16,17,225
16,18,233
16,19,245
16,20,226
17,1,211
17,2,193
17,3,184
17,4,205
17,5,198
17,6,239
17,7,232
17,8,199
17,9,179
17,10,251
17,11,198
17,12,204
17,13,204
17,14,249
17,15,253
17,16,225
17,17,94
17,18,290
17,19,280
17,20,251
18,1,251
18,2,246
18,3,225
18,4,244
18,5,229
18,6,264
18,7,255
18,8,225
18,9,215
18,10,291
18,11,248
18,12,240
18,13,220
18,14,276
18,15,279
18,16,233
18,17,290
18,18,144
18,19,325
18,20,328
19,1,302
19,2,278
19,3,240
19,4,211
19,5,262
19,6,291
19,7,264
19,8,287
19,9,215
19,10,309
19,11,275
19,12,278
19,13,241
19,14,282
19,15,279
19,16,245
19,17,280
19,18,325
19,19,188
19,20,370
20,1,259
20,2,267
20,3,232
20,4,229
20,5,224
20,6,243
20,7,234
20,8,238
20,9,229
20,10,336
20,11,235
20,12,271
20,13,232
20,14,269
20,15,308
20,16,226
20,17,251
20,18,328
20,19,370
20,20,144
