exam,block
1,16
2,11
3,2
4,8
5,16
6,1
7,5
8,2
9,16
10,10
11,11
12,1
13,1
14,15
15,1
16,15
17,13
18,9
19,2
20,11
21,11
22,6
23,14
24,1
25,15
26,11
27,12
28,2
29,15
30,1
31,11
32,6
33,13
34,15
35,1
36,5
37,1
38,1
39,1
40,15
41,16
42,3
43,15
44,4
45,8
46,2
47,16
48,11
49,16
50,12
51,16
52,8
53,14
54,11
55,2
56,16
57,16
58,14
59,13
60,3
61,2
62,15
63,15
64,15
65,11
66,12
67,3
68,11
69,10
70,13
71,2
72,4
73,2
74,12
75,11
76,13
77,16
78,15
79,11
80,11
81,1
82,13
83,7
84,1
85,16
86,1
87,12
88,16
89,3
90,1
91,12
92,2
93,8
94,6
95,1
96,15
97,6
98,15
99,12
100,10
101,3
102,6
103,1
104,16
105,2
106,1
107,1
108,1
109,15
110,13
111,16
112,16
113,1
114,9
115,2
116,11
117,3
118,7
119,7
120,14
121,11
122,1
123,1
124,1
125,1
126,3
127,7
128,1
129,13
130,5
131,16
132,13
133,9
134,1
135,15
136,1
137,1
138,5
139,10
140,3
141,13
142,13
143,5
144,6
145,2
146,1
147,4
148,12
149,15
150,14
151,1
152,14
153,16
154,1
155,5
156,16
157,7
158,11
159,2
160,1
161,1
162,12
163,14
164,14
165,8
166,15
167,3
168,6
169,10
170,11
171,14
172,9
173,16
174,4
175,11
176,8
177,4
178,5
179,2
180,4
181,2
182,5
183,13
184,5
185,2
186,7
187,6
188,4
189,12
190,6
191,1
192,2
193,10
194,1
195,3
196,7
197,16
198,5
199,9
200,1
201,16
202,15
203,3
204,16
205,2
206,10
207,3
208,13
209,14
210,10
211,15
212,13
213,16
214,15
215,2
216,8
217,8
218,14
219,1
220,16
221,4
222,1
223,16
224,13
225,2
226,15
227,1
228,11
229,13
230,7
231,2
232,1
233,1
234,1
235,5
236,2
237,1
238,15
239,5
240,1
241,11
242,16
243,10
244,1
245,16
246,3
247,3
248,2
249,1
250,2
251,8
252,9
253,14
254,9
255,16
256,7
257,13
258,7
259,12
260,3
261,13
262,6
263,15
264,2
265,1
266,14
267,11
268,10
269,13
270,16
271,13
272,15
273,13
274,3
275,8
276,1
277,15
278,2
279,1
280,10
281,12
282,11
283,9
284,11
285,11
286,1
287,14
288,3
289,11
290,12
291,2
292,7
293,2
294,1
295,11
296,16
297,16
298,1
299,16
300,9
301,13
302,16
303,11
304,16
305,11
306,12
307,8
308,11
309,15
310,12
311,15
312,3
313,13
314,10
315,11
316,16
317,5
318,1
319,1
320,16
321,8
322,5
323,15
324,3
325,1
326,5
327,3
328,12
329,15
330,16
331,16
332,16
333,7
334,2
335,16
336,15
337,3
338,11
339,13
340,2
341,16
342,10
343,2
344,1
345,2
346,6
347,1
348,1
349,7
350,14
351,5
352,12
353,4
354,1
355,15
356,2
357,12
358,3
359,15
360,11
361,1
362,16
363,6
364,16
365,6
366,6
367,11
368,12
369,6
370,3
371,14
372,15
373,5
374,4
375,2
376,4
377,3
378,1
379,9
380,3
381,3
382,1
383,3
384,14
385,4
386,15
387,9
388,11
389,16
390,9
391,1
392,3
393,10
394,3
395,13
396,1
397,7
398,14
399,13
400,6
401,1
402,2
403,12
404,1
405,11
406,13
407,6
408,10
409,1
410,13
411,15
412,14
413,13
414,10
415,12
416,16
417,3
418,7
419,3
420,16
421,2
422,11
423,12
424,11
425,3
426,6
427,1
428,2
429,4
430,4
431,15
432,1
433,12
434,9
435,16
436,10
437,2
438,1
439,10
440,11
441,1
442,10
443,10
444,9
445,1
446,3
447,15
448,1
449,6
450,4
451,2
452,1
453,16
454,8
455,16
456,15
457,5
458,3
459,11
460,4
461,1
462,15
463,2
464,13
465,2
466,2
467,13
468,10
469,13
470,2
471,12
472,1
473,8
474,11
475,2
476,1
477,1
478,8
479,16
480,13
481,16
482,15
483,8
484,1
485,14
486,16
487,9
488,2
489,2
490,15
491,3
492,2
493,11
494,12
495,16
496,11
497,6
498,3
499,1
500,13
501,2
502,2
503,1
504,16
505,16
506,10
507,5
508,15
509,16
510,15
511,1
512,2
513,9
514,1
515,3
516,7
517,15
518,8
519,12
520,12
521,15
522,6
523,14
524,11
525,4
526,8
527,1
528,5
529,3
530,2
531,2
532,14
533,9
534,11
535,16
536,13
537,9
538,2
539,16
